keys,ru
GAME_TITLE,Последний Архивариус
MENU_NEW_RUN,Новый забег
MENU_CONTINUE,Продолжить
MENU_QUIT,Выход
UNIT_SALT_GUARD,Соляной Страж
UNIT_CHRONICLER,Летописец-стрелок
UNIT_ASH_GHOUL,Пепельный Гуль
UNIT_SHARD_ARCHER,Осколочный Лучник
UNIT_STORM_WYRM_ECHO,Эхо Грозового Змея
UNIT_RUST_SENTINEL,Ржавый Часовой
MEM_SALT_LEGION,Легион Соляных Стражей
MEM_ASH_CHRONICLERS,Летописцы Пепла
MEM_GHOUL_PACK,Стая Пепельных Гулей
MEM_STORM_WYRM,Эхо Грозового Змея
MEM_RUST_SENTINELS,Ржавые Часовые
MEM_SHARD_ARCHERS,Осколочные Лучники
ENC_CRYPT_1,Склеп: преддверие
ENC_CRYPT_2,Склеп: галереи
ENC_CRYPT_3,Склеп: узкий мост
PREP_TITLE,"Бой %d из %d: %s"
PREP_HINT,"Выберите до %d воспоминаний для боя"
PREP_ENEMIES,Противник:
PREP_START,В бой
PREP_TO_MENU,В меню
CARD_DURABILITY,"Прочность: %d/%d"
CARD_STATS,"ОЗ %d · Атк %d · Защ %d · Урон %d–%d · Скор %d · Иниц %d"
TAG_RANGED,"стрелок (%d)"
TAG_FLYING,летает
TAG_DEFENDING,в защите
BATTLE_WAIT,Ждать [W]
BATTLE_DEFEND,Защита [D]
BATTLE_RETREAT,Отступить
BATTLE_ROUND,"Раунд %d"
BATTLE_QUEUE,Очередь:
BATTLE_PREVIEW_MELEE,"Атака: урон %d–%d, убьёт %d–%d"
BATTLE_PREVIEW_SHOOT,"Выстрел: урон %d–%d, убьёт %d–%d"
BATTLE_PREVIEW_MOVE,Перемещение
BATTLE_ENEMY_TURN,"Ход противника: %s"
BATTLE_YOUR_TURN,"Ваш ход: %s"
BATTLE_WON,Победа!
BATTLE_LOST,Поражение
BATTLE_CONTINUE,Продолжить
LOG_ATTACK,"%s атакует %s: урон %d, погибло %d"
LOG_SHOOT,"%s стреляет в %s: урон %d, погибло %d"
LOG_RETALIATE,"%s отвечает %s: урон %d, погибло %d"
LOG_DIED,%s уничтожен
LOG_WAIT,%s ждёт
LOG_DEFEND,%s защищается
LOG_ROUND,"— Раунд %d —"
LOG_TIMEOUT,Время вышло
REWARD_TITLE,Победа. Выберите воспоминание
REWARD_FADED,"Угасли воспоминания: %s"
REWARD_NONE_FADED,Ни одно воспоминание не угасло
REWARD_SKIP,Пропустить
REWARD_DISCARD,"Кодекс полон (%d). Выберите карту, которую забыть:"
REWARD_CANCEL,Отмена
RUN_WON_TITLE,Экспедиция завершена
RUN_WON_TEXT,Хранитель Разлома повержен. Воспоминания экспедиции сохранены.
RUN_LOST_TITLE,Архивариус пал
RUN_LOST_TEXT,Память этой экспедиции растворилась в разломе.
RUN_TO_MENU,В главное меню
INFO_ACTIVE,Ходит сейчас
INFO_HOVER,Под курсором
INFO_HP,"ОЗ верхнего существа: %d/%d"
INFO_STATS_COMBAT,"Атк %d · Защ %d · Урон %d–%d"
INFO_STATS_PACE,"Скор %d · Иниц %d"
ABILITY_MELEE,Ближний бой: подходит к врагу и бьёт. Получает ответный удар.
ABILITY_RANGED,"Стрелок (выстрелов: %d): без ответного удара; дальше 5 клеток и вплотную — ½ урона, рядом с врагом стрелять нельзя."
ABILITY_FLYING,Летает: перелетает препятствия и отряды.
STATUS_RETALIATION_READY,"Ответный удар готов: ответит первому, кто ударит вплотную."
STATUS_RETALIATION_USED,Ответный удар уже потрачен в этом раунде.
STATUS_DEFENDING,В защите: +30% к защите до своего следующего хода.
STATUS_WAITED,Ждёт: походит в конце раунда.
UNIT_FACELESS_CHOIR,Хор Безликих
UNIT_ASH_PRIEST,Пепельный Жрец
UNIT_RIFT_RAM,Разломный Таран
MEM_FACELESS_CHOIR,Хор Безликих
MEM_LAST_KING,Последний Король
MEM_LAST_KING_DESC,"Геройская карта: открывает «Королевский приказ», пока в Кодексе — +1 к инициативе армии. Не выходит в бой, но угасает после каждой победы."
ENC_CRYPT_4,Склеп: усыпальница
ENC_CRYPT_5,Склеп: Страж склепа
ABIL_SHIELD_WALL,Стена щитов
ABIL_SHIELD_WALL_DESC,"Вместо хода: он и соседние союзники в защите до своего хода, а Страж до конца раунда отвечает на все атаки вплотную."
ABIL_MARK,Пометить
ABIL_MARK_DESC,Вместо хода: метит врага на любом расстоянии. Следующая атака по нему наносит +50% урона.
ABIL_DEVOUR,Пожирание
ABIL_DEVOUR_DESC,"Вместо хода: бьёт соседнего врага и лечит себя на половину урона, поднимая павших."
ABIL_SHARD_VOLLEY,Осколочный залп
ABIL_SHARD_VOLLEY_DESC,"Вместо хода, тратит выстрел: полный урон цели и половина — всем стекам рядом с ней, своим тоже."
ABIL_CHAIN_LIGHTNING,Цепная молния
ABIL_CHAIN_LIGHTNING_DESC,"Вместо хода: бьёт врага в 4 клетках, молния перескакивает на ближайший стек в 2 клетках (½), затем ещё на один (¼). Может задеть своих."
ABIL_COVER,Укрытие
ABIL_COVER_DESC,Вместо хода: ставит стену на соседнюю клетку на 3 раунда.
ABIL_ECHO,Отголосок
ABIL_ECHO_DESC,"Вместо хода: повторяет последнюю способность, применённую союзным отрядом в этом бою."
ABIL_RESTORE,Восполнение
ABIL_RESTORE_DESC,"Вместо хода: лечит союзный стек на 30 ОЗ, поднимая павших."
ABIL_RAM,Таран
ABIL_RAM_DESC,"Вместо хода: разбег по прямой к врагу в 2–4 клетках и удар +25%, цель отлетает на клетку. Если отлететь некуда — ещё +25% урона."
SPELL_SALT_WALL,Соляная стена
SPELL_SALT_WALL_DESC,Стена на двух соседних клетках на 2 раунда.
SPELL_ASH_RECORD,Запись пепла
SPELL_ASH_RECORD_DESC,"60 урона вражескому стеку, защита не помогает."
SPELL_HUNGER,Голод
SPELL_HUNGER_DESC,"Лечит союзный стек на 50 ОЗ, поднимая павших."
SPELL_CHAIN_SPELL,Цепная молния
SPELL_CHAIN_SPELL_DESC,"50 урона врагу, затем 25 и 12 ближайшим стекам в 2 клетках — своим тоже."
SPELL_RUST_ARMOR,Ржавые латы
SPELL_RUST_ARMOR_DESC,+4 к защите союзного стека до конца боя.
SPELL_SHARD_RAIN,Осколочный дождь
SPELL_SHARD_RAIN_DESC,20 урона всем стекам на клетке и вокруг неё — своим тоже.
SPELL_ECHO_SPELL,Отголосок
SPELL_ECHO_SPELL_DESC,Архивариус может действовать ещё раз в этом раунде.
ORDER_ADVANCE,Вперёд!
ORDER_ADVANCE_DESC,+2 к скорости союзного стека до конца его хода.
ORDER_CLOSE_RANKS,Сомкнуть строй
ORDER_CLOSE_RANKS_DESC,Союзный стек и его соседи-союзники в защите (+30%) до своего хода.
ORDER_ROYAL,Королевский приказ
ORDER_ROYAL_DESC,"Союзный стек, уже ходивший в этом раунде, ходит ещё раз сразу после текущего."
UP_DEFENSE,+1 к защите всех отрядов
UP_SHOTS,+2 выстрела стрелкам
UP_ATTACK,+1 к атаке всех отрядов
UP_INITIATIVE,+1 к инициативе всех отрядов
UP_HP,+10% ОЗ всех отрядов
UP_RANGED_ATTACK,+1 к атаке стрелков
UP_SPEED,+1 к скорости всех отрядов
REASON_HERO_CARD,Геройскую карту превращать нельзя
REASON_NO_SPELL,У этой карты нет заклинания
REASON_NO_UPGRADE,У этой карты нет улучшения
REASON_NOTHING_TO_REPAIR,Нечего чинить: все карты целы
REASON_MAX_LEVEL,Уже максимальный уровень
REASON_NO_PAIR,Нет второй такой карты
HUD_NO_ABILITY,Способности нет
HUD_ABILITY,%s [Q]
HUD_ABILITY_CD,%s — через %d р.
HUD_ECHO_OF,Отголосок: %s
HUD_ECHO_NOTHING,нечего повторить
HUD_HERO_READY,Архивариус: действие готово
HUD_HERO_USED,Архивариус: действие использовано
HUD_ORDER,%s [%d]
HUD_SPELL,%s ×%d [%d]
TARGET_PROMPT,"%s: выберите цель — ЛКМ по подсвеченному, ПКМ или Esc — отмена"
PREVIEW_DAMAGE,"%s: урон %d–%d, убьёт %d–%d"
PREVIEW_FIXED,"%s: %d урона, убьёт %d"
PREVIEW_HEAL,%s: лечение +%d
PREVIEW_AREA,%s: %d урона каждому стеку в зоне
PREVIEW_ALLIES_HIT,  · заденет своих: %d
LOG_DAMAGED,"%s: %d урона, погибло %d"
LOG_HEALED,"%s: +%d ОЗ, поднято %d"
LOG_PUSHED,%s отброшен
LOG_ABILITY,%s: «%s»
LOG_HERO,Архивариус: «%s»
LOG_HERO_TARGET,Архивариус: «%s» → %s
LOG_WALL,Поднялась стена на %d р.
ABILITY_READY,готова
ABILITY_COOLDOWN,через %d р.
STATUS_MARKED,Помечен: следующая атака по нему +50% урона.
STATUS_SHIELD_WALL,Стена щитов: до конца раунда отвечает на все атаки вплотную.
STATUS_RUST_ARMOR,Ржавые латы: +4 к защите до конца боя.
STATUS_ADVANCE,«Вперёд!»: +2 к скорости до конца хода.
CARD_LEVEL,ур. %d
CARD_ABILITY,Способность: %s
CARD_HERO,Геройская карта
PREP_HERO,Архивариус
PREP_ORDERS,Приказы: %s
PREP_UPGRADES,Улучшения: %s
PREP_SPELLS,Заклинания: %s
PREP_NONE,нет
MEMORY_TITLE,Память после боя
MEMORY_ONE_ACTION,"Одно действие: взять новое воспоминание, переработать одну карту или пропустить."
MEMORY_NEW,Новое воспоминание
MEMORY_REWORK,Переработать карту
MEMORY_REWORK_HINT,Выберите карту Кодекса — справа появятся формы превращения с результатом.
FORM_NAME_SPELL,Заклинание
FORM_NAME_UPGRADE,Улучшение героя
FORM_NAME_SACRIFICE,Жертва
FORM_NAME_FUSE,Слияние
FORM_SPELL,"Заклинание «%s», зарядов: %d"
FORM_UPGRADE,Улучшение героя: %s
FORM_SACRIFICE,Жертва: +1 прочности %d картам
FORM_FUSE,"Слияние: уровень %d, численность %d, прочность %d"
FORM_CONFIRM,«%s» → %s. Карта исчезнет из Кодекса в нынешнем виде.
FORM_APPLY,Подтвердить
MENU_MUSIC,Музыка
MENU_SFX,Звуки
UNIT_RIFT_WARDEN,Хранитель Разлома
ABIL_RIFT_TEAR,Разрыв
ABIL_RIFT_TEAR_DESC,Вместо хода: клетка в 4 клетках — 45 урона всем вражеским стекам на ней и вокруг неё.
ENC_T1_PRIESTS,Пепельный обряд
ENC_T1_WALL,Стрелковая галерея
ENC_T1_RAM,Разведка тарана
ENC_T2_STORM,Грозовой перевал
ENC_T2_BASTION,Бастион жрецов
ENC_T3_HORDE,Пепельная орда
ENC_T3_SIEGE,Осадный лагерь
ENC_ELITE_STORM,Элита: буря и таран
ENC_ELITE_FORTRESS,Элита: крепость
ENC_RIFT,Разлом
PREP_TITLE_BATTLE,Бой ур. %d: %s
PREP_TITLE_ELITE,Элитный бой: %s
PREP_TITLE_RIFT,%s: Хранитель Разлома
PREP_RIFT_WARNING,Каждые 3 раунда разлом помечает ваш сильнейший отряд и стирает его в начале следующего раунда — вместе с картой.
PREP_TO_MAP,К карте
MEMORY_RESOURCES,Добыто: %s
RES_INK,Чернила
RES_PARCHMENT,Пергамент
RES_AETHER,Эфир
MAP_TITLE,Экспедиция
MAP_LAYER,Слой %d из %d
MAP_CODEX,Кодекс
MAP_PENDING,"Вы уже на этом острове — вернитесь, чтобы закончить его."
MAP_RESUME,Вернуться на остров
MAP_HINT,"Выберите остров: доступные пульсируют золотым, пунктирное кольцо — перелёт за Эфир. Клик показывает подробности."
MAP_TRAVEL,Лететь
MAP_FLIGHT,Перелёт (%d Эфира)
MAP_SCOUT,Разведать (%d Эфир)
MAP_VISITED,Остров уже пройден.
MAP_UNREACHABLE,Сюда пока не добраться.
MAP_TIER,Уровень боя: %d
MAP_REWARD,Награда: %s
MAP_CODEX_TITLE,Кодекс Памяти (%d/%d)
MAP_CODEX_CLOSE,Закрыть
NODE_BATTLE,Бой
NODE_BATTLE_DESC,Стычка с порождениями пепла. Победа приносит ресурсы и новое воспоминание.
NODE_ELITE,Элитный бой
NODE_ELITE_DESC,"Сильный противник. Больше ресурсов, среди наград — геройская карта."
NODE_EVENT,Событие
NODE_EVENT_DESC,"Неизвестность: выбор с последствиями. Разведка откроет, что ждёт."
NODE_SHOP,Архив-лавка
NODE_SHOP_DESC,"Покупка воспоминаний за Пергамент, ремонт за Чернила, перезаряд заклинаний за Эфир."
NODE_HAVEN,Тихая гавань
NODE_HAVEN_DESC,"Передышка: починить все карты, переписать одну или восстановить заклинания."
NODE_RIFT,Разлом
NODE_RIFT_DESC,Хранитель Разлома. Победа завершает экспедицию.
EVENT_PICK_CARD,Выберите воспоминание
EVENT_TO_BATTLE,В бой!
SHOP_TITLE,Архив-лавка
SHOP_CARDS,Воспоминания на продажу
SHOP_PRICE,Цена: %d Пергамента
SHOP_REPAIR,Ремонт: +1 прочности за %d Чернила
SHOP_RECHARGE,Перезаряд: +1 заряд за %d Эфир
SHOP_REWORK,Переработка (один раз): %d Пергамента
SHOP_LEAVE,Уйти
REASON_SOLD,куплено
REASON_CODEX_FULL,Кодекс полон
REASON_NO_PARCHMENT,мало Пергамента
REASON_FULL_DURABILITY,прочность полная
REASON_NO_INK,мало Чернил
REASON_NO_AETHER,мало Эфира
REASON_NO_SPELLS,нет заклинаний
REASON_REWORK_USED,переработка уже была
REASON_NO_CARDS,нет карт отрядов
HAVEN_TITLE,Тихая гавань
HAVEN_TEXT,Ветер стих. Есть время для одного дела.
HAVEN_REPAIR,Починить: +1 прочности всем картам (%d)
HAVEN_REWRITE,Переписать: одно превращение карты бесплатно
HAVEN_MEDITATE,Медитировать: +1 заряд всем заклинаниям (%d)
RUN_STATS,Слой %d из %d · побед в боях: %d · карт в Кодексе: %d · %s
RIFT_MARK_FLOAT,Помечен разломом
RIFT_ERASE_FLOAT,Стёрт!
LOG_RIFT_MARK,Разлом помечает %s
LOG_RIFT_ERASE,Разлом стирает %s
LOG_ALL_ERASED,Разлом стёр всю армию
STATUS_RIFT_MARKED,Помечен разломом: будет стёрт в начале следующего раунда — вместе с картой. Победите раньше!
EVT_RUINED_SCRIPTORIUM_TITLE,Обрушенный скрипторий
EVT_RUINED_SCRIPTORIUM_TEXT,Среди обломков полки ещё хранят чистые листы. Где-то в темноте шуршит пепел.
EVT_RUINED_SCRIPTORIUM_A,"Обыскать полки (+3 Пергамента, риск боя)"
EVT_RUINED_SCRIPTORIUM_A_RES,Вы набрали листов и ушли незамеченными.
EVT_RUINED_SCRIPTORIUM_A_FAIL,"Листы ваши, но пепел поднимается — стражи скриптория пробудились!"
EVT_RUINED_SCRIPTORIUM_B,Уйти
EVT_RUINED_SCRIPTORIUM_B_RES,Вы оставили руины в покое.
EVT_INK_SPRING_TITLE,Чернильный родник
EVT_INK_SPRING_TEXT,"Из трещины в скале сочатся густые чернила, пахнущие старыми книгами."
EVT_INK_SPRING_A,Наполнить флаконы (+2 Чернила)
EVT_INK_SPRING_A_RES,Флаконы полны.
EVT_INK_SPRING_B,Окунуть воспоминание (+2 прочности выбранной карте)
EVT_INK_SPRING_B_RES,Строки воспоминания проступили чётче.
EVT_LEGION_ECHO_TITLE,Эхо павшего легиона
EVT_LEGION_ECHO_TEXT,Призрачные щиты встают у края острова и ждут приказа.
EVT_LEGION_ECHO_A,Принять клятву (Легион с прочностью 1)
EVT_LEGION_ECHO_A_RES,Легион встаёт в строй — ненадолго.
EVT_LEGION_ECHO_B,Развеять (+2 Эфира)
EVT_LEGION_ECHO_B_RES,Эхо рассыпается искрами эфира.
EVT_MEMORY_MERCHANT_TITLE,Торговец воспоминаниями
EVT_MEMORY_MERCHANT_TEXT,Безликий торговец раскладывает чужие сны. «Отдай одно — получишь другое».
EVT_MEMORY_MERCHANT_A,Продать воспоминание (+4 Пергамента)
EVT_MEMORY_MERCHANT_A_RES,Торговец прячет вашу память в рукав.
EVT_MEMORY_MERCHANT_B,Обменять на два хрупких (прочность 1)
EVT_MEMORY_MERCHANT_B_RES,"Два чужих воспоминания — шаткие, но ваши."
EVT_MEMORY_MERCHANT_C,Уйти
EVT_MEMORY_MERCHANT_C_RES,Торговец растворяется в тумане.
EVT_RIFT_WHISPER_TITLE,Шёпот разлома
EVT_RIFT_WHISPER_TEXT,Из трещины в небе доносится шёпот: знание в обмен на память.
EVT_RIFT_WHISPER_A,"Слушать (улучшение героя, самая прочная карта −2)"
EVT_RIFT_WHISPER_A_RES,"Вы узнали больше, чем хотели. Одно воспоминание поблёкло."
EVT_RIFT_WHISPER_B,Заткнуть уши
EVT_RIFT_WHISPER_B_RES,Шёпот стихает.
EVT_ABANDONED_ALTAR_TITLE,Заброшенный алтарь
EVT_ABANDONED_ALTAR_TEXT,"Алтарь древних писцов покрыт трещинами, но всё ещё светится."
EVT_ABANDONED_ALTAR_A,Возлить 2 Чернила (+1 заряд всем заклинаниям)
EVT_ABANDONED_ALTAR_A_RES,Заклинания наливаются силой.
EVT_ABANDONED_ALTAR_B,"Осквернить (+3 Эфира, 2 карты −1 прочности)"
EVT_ABANDONED_ALTAR_B_RES,Эфир ваш — но алтарь мстит памяти.
EVT_CAPTIVE_KING_TITLE,Пленённый Король
EVT_CAPTIVE_KING_TEXT,В цепях из пепла томится образ Последнего Короля. Стража не дремлет.
EVT_CAPTIVE_KING_A,"Освободить (бой ур. 2, награда — «Последний Король»)"
EVT_CAPTIVE_KING_A_RES,Стража заметила вас. К оружию!
EVT_CAPTIVE_KING_B,Пройти мимо
EVT_CAPTIVE_KING_B_RES,Король провожает вас взглядом.
EVT_STORM_BRIDGE_TITLE,Буря над мостом
EVT_STORM_BRIDGE_TEXT,Мост к следующему острову раскачивает гроза.
EVT_STORM_BRIDGE_A,Переждать (−1 Эфир)
EVT_STORM_BRIDGE_A_RES,"Буря утихла, но потребовала эфира на защиту."
EVT_STORM_BRIDGE_B,Прорваться (риск)
EVT_STORM_BRIDGE_B_RES,Вы проскочили и подобрали сорванные ветром листы.
EVT_STORM_BRIDGE_B_FAIL,Молнии хлестнули по строю — два воспоминания пострадали.
